{"cameraMode":{"drawMode":0,"name":"Shaded","section":"Shading Mode"},"sceneLighting":true,"audioPlay":false,"sceneViewState":{"showFog":false,"showMaterialUpdate":false,"showSkybox":false,"showFlares":false,"showImageEffects":false,"showParticleSystems":false},"in2DMode":false,"pivot":{"x":32.043270111083987,"y":0.4645136594772339,"z":-5.327998161315918},"rotation":{"x":-0.11871273815631867,"y":0.8755716681480408,"z":-0.3809264302253723,"w":-0.2725466191768646},"size":32.43008041381836,"orthographic":false}