{"cameraMode":{"drawMode":0,"name":"Shaded","section":"Shading Mode"},"sceneLighting":true,"audioPlay":false,"sceneViewState":{"showFog":false,"showMaterialUpdate":false,"showSkybox":false,"showFlares":false,"showImageEffects":false,"showParticleSystems":false},"in2DMode":false,"pivot":{"x":42.42060470581055,"y":11.231536865234375,"z":5.533012866973877},"rotation":{"x":-0.041968196630477908,"y":0.9581537842750549,"z":-0.2021004855632782,"w":-0.1985272765159607},"size":5.822212219238281,"orthographic":false}