{"cameraMode":{"drawMode":2,"name":"Shaded Wireframe","section":"Shading Mode"},"sceneLighting":true,"audioPlay":false,"sceneViewState":{"showFog":false,"showMaterialUpdate":false,"showSkybox":false,"showFlares":false,"showImageEffects":false,"showParticleSystems":false},"in2DMode":false,"pivot":{"x":52.74321365356445,"y":9.429936408996582,"z":16.271804809570314},"rotation":{"x":0.03378232195973396,"y":-0.9113994240760803,"z":0.07614745944738388,"w":0.4030878245830536},"size":5.822212219238281,"orthographic":false}